<?xml version="1.0" encoding="utf-8" ?>
<dwsync>
<file name="delicious.png" server="kappa.pair.com//usr/www/users/redefin3/redefinedwebdesign/" local="129252770260000000" remote="129252788630000000" />
<file name="digg.png" server="kappa.pair.com//usr/www/users/redefin3/redefinedwebdesign/" local="129252770270000000" remote="129252788640000000" />
<file name="facebook.png" server="kappa.pair.com//usr/www/users/redefin3/redefinedwebdesign/" local="129252770270000000" remote="129252788640000000" />
<file name="feed.png" server="kappa.pair.com//usr/www/users/redefin3/redefinedwebdesign/" local="129252770270000000" remote="129252788640000000" />
<file name="footer_background.gif" server="kappa.pair.com//usr/www/users/redefin3/redefinedwebdesign/" local="129252770270000000" remote="129252788650000000" />
<file name="header.gif" server="kappa.pair.com//usr/www/users/redefin3/redefinedwebdesign/" local="129252770280000000" remote="129252788650000000" />
<file name="mainContent_background.gif" server="kappa.pair.com//usr/www/users/redefin3/redefinedwebdesign/" local="129252770280000000" remote="129252788650000000" />
<file name="my_dream_car.jpg" server="kappa.pair.com//usr/www/users/redefin3/redefinedwebdesign/" local="129252770280000000" remote="129252788650000000" />
<file name="navigation_background.gif" server="kappa.pair.com//usr/www/users/redefin3/redefinedwebdesign/" local="129252770290000000" remote="129252788660000000" />
<file name="twitter.png" server="kappa.pair.com//usr/www/users/redefin3/redefinedwebdesign/" local="129252770290000000" remote="129252788660000000" />
<file name="wrapper_background.gif" server="kappa.pair.com//usr/www/users/redefin3/redefinedwebdesign/" local="129252770290000000" remote="129252788660000000" />
</dwsync>